{
  "TA-DATL (Full)": {
    "accuracy": 0.9665405297749452,
    "f1": 0.9486010071658574,
    "auc": 0.9985618749989816
  },
  "w/o Temporal Encoder (= DATL)": {
    "accuracy": 0.6938856801433977,
    "f1": 0.39677524646019274,
    "auc": 0.8588748290034972
  },
  "w/o Temporal MMD (\u03bb\u2081=0)": {
    "accuracy": 0.9934276040629356,
    "f1": 0.9899477474318146,
    "auc": 0.9999578015215134
  },
  "w/o Calibrated PL (T=1)": {
    "accuracy": 0.981876120294762,
    "f1": 0.9706054684014093,
    "auc": 0.9993420392018995
  },
  "w/o Adversarial Loss (\u03bb\u2082=0)": {
    "accuracy": 0.954192391953794,
    "f1": 0.9338833688928769,
    "auc": 0.9976717631634199
  }
}