{
  "DANN": {
    "accuracy": 0.022306313483369845,
    "f1": 0.00872783947009546,
    "auc": NaN
  },
  "CDAN": {
    "accuracy": 0.022306313483369845,
    "f1": 0.00872783947009546,
    "auc": NaN
  },
  "FixBi": {
    "accuracy": 0.022306313483369845,
    "f1": 0.00872783947009546,
    "auc": NaN
  },
  "ToAlign": {
    "accuracy": 0.022306313483369845,
    "f1": 0.00872783947009546,
    "auc": NaN
  },
  "DATL": {
    "accuracy": 0.022306313483369845,
    "f1": 0.00872783947009546,
    "auc": NaN
  },
  "TA-DATL (Ours)": {
    "accuracy": 0.02250547699661422,
    "f1": 0.008972036840700626,
    "auc": NaN
  }
}