{
  "DANN": {
    "accuracy": 0.6982672774347739,
    "f1": 0.4020282313683969,
    "auc": 0.8614152367818648
  },
  "CDAN": {
    "accuracy": 0.6960764787890859,
    "f1": 0.39688480081634153,
    "auc": 0.8589621831636979
  },
  "FixBi": {
    "accuracy": 0.6954789882493527,
    "f1": 0.39854391930630767,
    "auc": 0.8576382341497619
  },
  "ToAlign": {
    "accuracy": 0.6960764787890859,
    "f1": 0.40355368671156877,
    "auc": 0.8604565646785302
  },
  "DATL": {
    "accuracy": 0.6982672774347739,
    "f1": 0.4017553575160588,
    "auc": 0.8637249098793198
  },
  "TA-DATL (Ours)": {
    "accuracy": 0.9659430392352121,
    "f1": 0.9468795697394059,
    "auc": 0.9970346290357578
  }
}