{
  "DANN": {
    "accuracy": 0.6927907777013076,
    "f1": 0.34960043095946314,
    "auc": 0.850049296626313
  },
  "CDAN": {
    "accuracy": 0.6893496214728149,
    "f1": 0.35361292789644067,
    "auc": 0.8506002880362686
  },
  "FixBi": {
    "accuracy": 0.6945973847212663,
    "f1": 0.3527948581928653,
    "auc": 0.8519736657626146
  },
  "ToAlign": {
    "accuracy": 0.6935650378527185,
    "f1": 0.35173221784756475,
    "auc": 0.8518332458661679
  },
  "DATL": {
    "accuracy": 0.6945973847212663,
    "f1": 0.35116295995217534,
    "auc": 0.8514790285387313
  },
  "TA-DATL (Ours)": {
    "accuracy": 0.9883000688231246,
    "f1": 0.9747720593102825,
    "auc": 0.9997083015838832
  }
}